cluster_id	intercluster_edges
245	120
393	190
2343	60
89	968
510	167
58	1664
439	560
1995	54
5468	5
569	88
3278	11
2351	6
84	852
105	1014
5107	2
531	304
398	358
43	1497
5637	1
1704	83
59	1934
81	1823
1522	166
6	4146
124	1356
3621	24
863	210
133	918
100	1517
424	475
8	3577
39	1329
4512	19
1071	80
166	878
776	247
850	125
1967	73
1303	30
937	254
1610	188
1027	132
3761	34
33	2327
115	1321
248	749
44	1558
1611	145
1214	128
2914	66
252	370
82	1669
201	1357
396	618
1734	46
11	5284
574	283
277	360
55	2587
2916	9
2163	84
19	3750
2497	83
416	385
172	774
479	319
122	866
390	402
405	336
534	503
78	1265
118	687
637	238
1197	130
266	859
4543	65
217	427
1946	60
3723	26
2171	101
4542	32
2918	31
2075	162
566	282
4	3965
297	785
231	647
2284	33
2152	82
1283	75
899	220
3572	9
1381	94
4640	6
501	489
1245	162
4642	10
363	275
805	221
921	257
4644	1
2306	34
1242	112
5271	3
2924	49
766	285
1329	111
2354	19
1706	161
2923	27
200	836
459	429
117	1036
767	281
464	504
188	774
147	1732
101	244
183	535
1271	84
132	497
1685	83
1009	145
2787	75
773	232
1987	90
649	271
1486	126
280	438
440	206
638	251
2084	105
2577	19
119	643
1154	42
455	172
1211	74
469	317
1478	28
1984	51
539	162
2927	34
3638	21
2048	29
1041	176
60	1682
1429	57
14	4959
1523	75
1109	161
303	603
45	1506
533	324
3921	21
742	162
992	158
167	369
199	753
125	963
160	564
251	563
1709	90
295	325
222	332
72	1603
881	203
1892	102
1935	49
67	856
1607	28
2435	87
1217	74
2578	45
411	601
315	255
457	361
112	2645
433	703
91	1078
92	1195
1757	45
2057	63
2579	42
131	802
545	321
2476	14
41	1944
3698	17
521	313
355	281
1168	128
2469	101
182	699
3162	61
114	731
139	899
2494	60
409	458
220	734
2477	51
237	1135
40	1495
158	691
639	57
3530	8
716	372
351	303
23	3252
460	151
69	1437
24	3064
27	1001
1017	241
552	346
608	401
3994	16
9	4746
1175	135
77	774
2173	53
1644	88
513	234
247	391
1157	107
2310	33
583	403
10	2447
3939	22
955	82
576	223
170	635
864	130
423	504
1877	20
83	2033
1111	131
2436	52
989	66
2581	53
2934	35
1575	74
1544	78
162	520
2956	17
215	672
1710	41
151	787
1327	65
53	2147
3185	39
87	1033
169	710
2936	18
204	752
3	2961
553	295
291	490
1020	119
50	1142
1353	54
229	664
2035	39
68	1531
2230	106
5	3301
34	2197
934	107
1228	87
2931	23
339	510
1994	132
1380	107
3699	86
123	604
144	888
3179	31
321	420
4974	17
1125	177
1358	46
729	208
413	394
1315	156
16	1645
2938	24
2361	61
2174	59
2860	32
616	214
6510	7
337	286
3595	30
1076	63
535	156
1550	83
494	347
1383	73
1011	190
1451	68
1028	188
258	183
441	488
26	1411
2113	79
1576	34
2788	50
4374	7
627	177
2470	39
1889	43
312	378
815	57
2940	39
2518	21
595	191
1174	56
591	174
2943	65
317	251
2921	54
1237	107
1072	163
1712	84
711	164
761	136
1031	216
184	703
51	774
1265	49
451	486
600	171
2417	54
3360	19
1285	86
5106	2
371	501
2585	61
79	1069
4564	9
3111	24
1938	49
584	198
400	270
2175	38
165	646
2947	14
1666	47
1996	82
35	459
1487	42
1991	70
290	484
4057	15
1613	104
2948	19
690	144
935	260
839	141
2949	31
1156	95
75	569
272	422
18	1683
2287	78
2007	52
1641	53
807	113
93	898
3779	26
1614	70
2790	53
1968	68
1462	84
2166	52
2830	42
1602	161
561	305
2454	41
3783	5
1066	176
1299	92
1295	134
2953	6
615	193
2004	105
1375	82
3568	42
1847	133
344	392
2063	91
56	2363
1247	121
1714	47
205	524
2955	1
3640	32
1112	51
261	462
2414	41
103	543
54	1140
505	149
1335	118
1	2505
1365	75
30	1035
4744	7
310	293
3811	20
185	561
2051	39
2957	9
286	871
1883	80
527	230
2176	33
2415	35
3726	18
1316	31
684	160
2543	34
327	343
846	79
1158	64
1715	14
161	69
1698	17
596	42
3785	6
3786	9
2064	11
1374	17
2792	30
772	135
426	234
1104	81
256	290
991	164
429	298
438	270
1716	52
1337	112
1779	63
62	873
3714	26
651	211
550	306
109	348
120	808
4760	5
197	369
725	164
257	402
346	387
1547	77
2960	18
1191	55
186	846
2591	63
2590	26
851	134
4534	17
747	225
2288	54
192	672
61	2026
658	237
37	1018
171	900
154	882
193	755
401	482
226	323
482	427
739	115
422	222
2719	19
593	290
111	1162
2495	70
1325	79
3789	22
2964	45
1488	55
350	281
2908	34
22	1615
260	786
149	586
372	518
652	268
3631	27
225	580
1177	118
15	4055
954	132
2190	35
2878	40
2875	52
4697	8
1524	140
1267	187
1635	60
348	337
6536	4
328	507
820	116
791	234
28	2542
52	2378
2362	67
227	1008
922	145
530	187
300	802
4791	4
70	867
829	171
1244	292
3630	72
17	2765
243	637
993	101
705	57
926	119
653	192
3687	12
2	6190
4209	48
13	3623
12	2051
206	704
326	152
246	278
239	585
1159	228
1489	61
73	1508
207	1046
1525	110
244	772
1288	127
3702	79
2986	54
1693	67
2149	185
1982	57
449	481
526	327
76	1846
1545	122
623	498
582	167
397	577
3720	16
777	170
221	527
1940	59
511	339
594	341
2862	11
116	892
2177	68
2066	93
1538	125
332	657
1577	99
2228	65
529	167
196	1401
157	533
2859	44
2345	61
1717	91
1474	35
1178	160
2291	40
2544	15
544	313
311	518
883	193
212	153
6049	7
2594	47
2069	90
621	220
430	293
702	302
282	413
31	2024
1386	133
2289	69
890	141
1372	142
778	294
1998	98
65	1278
306	534
4788	10
2450	37
3175	14
1721	41
407	302
3727	49
1095	142
3505	33
408	530
230	522
136	659
1526	110
1219	260
620	366
448	387
2978	11
74	507
4800	2
1210	51
38	430
1018	186
2285	56
2981	22
838	30
5527	3
2332	13
1722	88
4033	33
740	167
1556	193
36	1618
2973	29
446	378
612	501
203	433
2976	72
3292	46
352	375
2178	90
134	845
4825	5
2136	82
1332	104
63	965
1192	71
4819	20
1566	107
4845	4
2506	47
2182	50
3803	10
3592	19
95	741
2985	61
2793	50
1360	135
2292	26
1955	57
1042	139
555	184
3365	16
238	617
375	295
4849	1
2987	17
476	126
2568	6
177	390
2159	35
2597	20
64	418
2990	31
2968	37
304	201
1215	110
1113	37
2598	62
3806	45
830	202
1724	85
2593	75
887	194
2184	47
347	338
3807	19
195	1076
735	167
2442	29
609	378
2600	35
379	109
2991	36
885	139
4862	3
1296	104
373	339
269	453
293	467
1678	34
2370	53
1993	38
210	274
754	109
2992	27
1275	93
1297	55
47	731
581	139
949	97
1218	87
138	605
349	123
499	280
763	162
492	116
2444	45
406	111
2432	11
2599	75
2994	44
368	928
106	909
216	471
4951	7
1897	54
1726	45
590	286
2445	26
4906	7
3793	20
281	696
1579	79
728	102
1485	84
4319	15
4855	8
3813	18
1898	43
1794	83
724	185
2884	52
2363	25
1899	38
1180	109
551	55
450	153
635	88
1637	62
2835	33
1096	120
466	183
5197	6
1491	15
801	207
2999	30
1999	69
765	262
2364	36
3099	23
516	143
97	1153
2601	60
2365	42
1284	126
1608	61
2498	38
832	165
675	335
895	283
322	634
4894	8
3815	9
3514	25
698	162
1646	115
1887	78
2156	55
743	170
1636	90
325	426
756	272
1727	132
57	1027
323	435
4905	1
1578	197
1587	87
1030	282
2073	34
1149	174
296	887
168	726
1560	44
2583	81
2846	81
3007	42
601	151
3009	26
1570	105
104	867
749	189
3643	24
554	271
812	114
135	701
1172	142
506	274
943	132
1146	169
5922	4
2589	60
854	33
3261	23
219	296
1819	69
3820	14
1493	218
1747	89
867	174
1114	123
3011	19
1571	122
813	68
2118	40
2074	65
631	156
4641	9
4612	12
688	141
683	334
329	276
224	792
610	243
2147	44
799	121
209	712
1202	76
1392	110
20	3333
242	898
655	162
3133	71
262	640
1581	76
1992	63
565	218
547	197
391	378
4623	4
5590	6
4912	1
3824	44
179	496
3024	25
2550	56
2795	55
1527	109
2925	54
1274	95
1138	100
108	355
2001	38
1181	94
585	250
1082	123
319	370
2596	53
2929	73
3019	23
967	168
334	284
1732	115
267	451
811	28
2076	70
3319	20
361	571
997	100
3599	12
748	284
1663	71
1609	27
681	272
3832	1
3021	19
1298	57
592	183
1182	46
1232	66
2922	47
875	42
2120	41
370	132
6472	4
982	44
1235	170
1567	62
1248	50
755	117
1733	58
3823	26
2449	41
1087	59
1673	37
944	81
427	169
1183	171
889	165
1985	65
518	170
1000	182
4720	9
4536	27
988	94
1014	178
278	435
467	356
1173	182
2188	20
137	1035
3013	55
1036	131
605	180
2841	63
3835	14
497	329
1954	90
2500	69
1129	169
1048	60
3739	29
2297	48
2465	54
3032	56
113	812
2915	53
7	3627
1234	161
2798	35
2610	42
856	321
3033	19
1164	166
473	79
916	229
1384	128
1751	34
2002	88
2358	56
2499	15
305	568
3437	67
1697	74
1737	80
543	272
445	341
2900	35
915	149
2611	27
2612	7
2419	78
360	248
2185	59
1176	95
1324	63
1937	28
4997	1
4473	7
3707	67
2061	151
478	342
994	91
925	58
1126	93
3840	6
2078	44
1136	121
880	133
2298	22
146	392
5827	4
2229	18
42	2791
5003	9
90	911
1062	76
884	110
5007	2
715	124
2420	64
156	721
3233	57
2629	56
779	216
775	156
1122	161
617	202
671	152
2305	38
1966	86
1390	70
2192	47
1735	108
3758	17
2079	95
948	252
213	425
3644	41
1736	58
3744	15
1568	102
419	489
1893	57
2614	31
597	143
3002	43
2823	102
2162	78
3037	19
917	113
1453	25
4813	13
2607	33
163	886
235	577
770	255
443	218
2071	77
356	595
1402	106
1782	110
2293	60
2103	90
6382	2
3641	30
3215	23
2840	37
557	192
3044	59
845	63
178	187
289	249
737	52
562	124
394	118
580	138
1546	81
1260	128
2248	40
2433	39
2395	42
951	120
3176	15
3847	8
4351	6
520	204
2615	8
2774	8
3845	4
1115	22
1069	19
2194	15
5053	1
3846	6
1536	40
2836	36
800	152
264	263
1393	22
1039	25
5307	3
180	359
1016	106
265	312
3040	19
5091	3
1740	59
1184	97
21	2104
3729	39
271	283
2616	68
4050	19
603	153
2995	15
374	351
294	301
1035	77
377	284
3058	16
3045	41
284	331
3464	9
814	78
2421	19
3382	22
524	242
335	137
436	199
1881	30
952	85
741	57
1249	69
1901	42
403	308
152	469
3047	42
48	646
579	439
302	533
2094	82
145	1118
190	363
253	356
223	256
732	152
2839	28
421	123
32	2571
2155	93
2796	47
514	263
630	48
1336	174
3052	13
395	327
233	402
345	350
797	121
324	466
1395	68
1278	97
586	122
2670	23
1442	79
0	3381
392	414
1396	114
1419	84
285	209
1511	149
468	247
1639	35
287	241
189	646
2081	37
2536	22
5077	4
3566	9
3055	12
500	155
489	368
1190	169
364	296
709	141
2316	42
900	200
194	517
155	265
4740	6
1530	64
3056	77
1364	146
5769	1
578	234
1744	64
2369	43
1616	153
1565	24
495	462
2083	52
3974	20
876	202
665	141
5750	4
2711	22
2797	66
657	220
968	45
6112	6
2268	22
2005	104
1059	159
2638	31
376	141
2049	64
1957	80
1250	112
2501	21
1343	68
1674	61
3035	20
1746	67
2945	14
1562	22
781	158
2928	12
522	106
1256	80
2479	26
4062	17
2386	13
642	135
2300	8
507	339
693	123
1543	53
752	184
1890	51
1145	71
148	666
3730	13
3865	20
768	218
1046	122
444	223
1268	62
367	120
102	338
1450	48
2619	87
762	209
463	534
1561	102
666	154
1647	103
1730	98
1677	82
2620	35
5121	6
80	1290
1749	104
1750	58
719	160
485	148
963	78
2196	27
643	112
2018	52
1004	171
3834	36
1398	128
3929	38
1438	40
2301	64
1549	91
2621	8
3837	18
340	176
3646	7
1454	93
130	216
268	675
1508	56
150	772
1498	72
110	859
2546	23
1286	76
236	761
141	635
2132	61
1352	109
1239	104
2198	33
493	271
1400	111
699	330
746	185
680	220
1044	91
1277	177
3868	14
2135	41
3067	24
3869	5
458	193
218	382
384	373
240	294
29	1439
1317	94
2623	31
174	384
1594	69
1653	59
758	58
402	90
936	31
1660	27
1055	39
2451	46
462	193
744	203
6265	1
1753	40
1307	74
1755	54
3072	41
2824	44
362	406
5137	9
2815	23
331	193
1754	85
2302	51
1057	167
1005	113
3875	14
1403	61
1573	53
2371	22
1361	107
3252	14
3073	17
1618	42
2547	21
1186	104
498	363
1756	17
4223	4
1047	66
259	306
2624	42
1404	78
891	131
2523	58
1905	37
4735	9
1023	60
730	123
4671	2
759	139
2626	53
1305	57
2085	25
2684	29
2855	19
3078	13
2134	41
714	91
2009	14
1860	18
1872	33
2627	15
633	63
2065	54
2868	22
2962	21
3079	30
679	95
4012	20
1864	116
314	108
2625	57
2628	19
279	369
1322	48
1421	13
1584	48
2055	54
1171	44
3882	28
159	684
2106	41
3884	10
1032	22
255	167
3906	8
1962	111
3082	44
692	392
228	513
1441	26
2372	43
2631	43
3886	24
1558	125
3084	23
1758	63
2828	29
3888	25
1922	38
1188	112
1318	108
607	158
1499	136
1333	89
598	106
3065	45
4795	15
1500	82
1281	51
902	127
2060	72
1533	101
1906	44
892	95
1620	44
202	471
1965	57
5767	7
2778	46
380	445
1686	53
2632	70
2842	39
1788	95
3516	15
6402	9
1222	56
532	169
2633	37
461	118
3088	30
357	313
878	105
2086	61
1362	102
274	424
1759	69
1501	46
2751	40
1198	93
1760	72
107	714
2304	21
2138	40
2346	43
330	271
1080	139
447	247
126	203
685	62
1531	42
1761	46
283	698
2634	66
3137	12
3892	42
96	377
1662	79
2167	62
3895	17
1763	100
5224	4
2671	40
308	507
1764	54
3094	30
472	227
2359	48
288	348
3896	10
5122	5
487	177
519	234
1506	61
4114	11
3090	17
6941	6
3731	38
5236	7
4553	10
587	109
907	72
2635	47
1537	45
2011	71
2206	72
6944	11
3768	19
911	44
1334	19
129	637
1120	95
3091	59
2203	38
1405	81
3096	12
3899	28
1008	157
387	208
1871	32
3480	38
3257	7
1063	103
3097	13
2261	28
933	41
3900	4
3071	41
871	111
984	141
6721	18
903	151
676	182
573	221
1363	110
1907	90
677	197
1406	93
2637	61
1147	99
723	317
548	84
5246	4
173	523
877	93
970	131
751	235
2471	10
1555	137
353	263
299	270
3901	19
872	100
5250	5
1845	43
1407	29
3103	16
2697	34
2605	41
1908	19
3015	28
121	548
415	200
5252	4
1802	122
640	326
2485	30
2649	99
1475	144
477	344
3661	51
3710	29
2930	66
3904	25
399	279
3903	24
5328	40
5857	14
2050	66
3830	45
2801	32
1583	211
3039	62
420	289
3144	22
1124	251
1010	176
2687	105
3004	21
85	1201
4822	6
798	220
5545	10
465	285
2014	87
2350	10
3902	11
4998	2
2848	28
2800	16
3355	11
3728	60
3107	20
2813	47
2982	36
3908	18
1420	9
3180	36
1492	97
546	116
1528	72
1725	221
1766	30
2845	37
670	241
852	212
488	356
2356	61
1097	85
4066	13
3109	17
1652	35
2385	20
1160	101
3018	41
2012	60
947	174
667	63
1287	64
3912	4
3666	9
849	134
1983	118
626	238
1621	149
4957	6
3053	16
3917	18
656	354
3645	18
558	118
5798	3
1972	137
1037	55
2587	55
1825	44
1408	83
844	104
503	299
249	425
456	218
128	758
893	110
1216	87
1291	43
2208	30
3356	21
2853	55
2959	28
3878	36
1231	162
2582	97
1504	99
5308	4
972	181
3915	48
94	1215
946	167
3112	28
1723	88
1409	75
904	15
453	365
2462	20
1988	69
341	614
802	127
853	86
1162	62
662	217
525	213
2251	38
3038	48
343	231
624	166
1651	67
437	225
1767	11
6328	8
3671	77
3977	19
1456	44
1378	47
1387	82
3116	37
3118	23
3119	15
366	83
3120	41
3808	14
313	649
2641	13
1886	30
1189	76
2803	78
1464	22
2422	27
4346	25
208	401
2314	118
4208	12
5331	6
3121	13
796	104
1742	50
2806	52
2642	38
2209	7
358	126
359	216
263	269
3124	20
1348	13
3384	10
127	413
1648	50
1680	33
2090	8
1106	99
1458	27
434	143
793	190
3126	9
480	353
1585	25
2804	73
2210	18
2042	19
3311	41
2643	49
2452	48
1410	112
3130	18
5342	2
3200	18
2644	53
1896	95
1799	49
1708	117
929	144
2608	28
3653	11
1376	52
1399	47
3093	17
484	139
2654	60
3932	13
431	164
1958	55
2480	26
990	105
950	99
2058	27
2013	105
5643	1
5354	2
1137	57
645	66
1835	64
1936	6
2366	34
3132	61
1980	9
1789	36
4558	12
1413	70
404	301
1701	69
474	262
3010	34
2418	50
5019	6
3859	27
1412	108
2919	27
1681	13
1771	80
804	61
865	138
1459	49
2977	49
2805	30
386	274
2866	44
1631	136
342	347
2160	136
4432	28
4206	10
3293	9
2789	20
4556	27
2150	80
3085	19
1720	79
2459	91
2682	70
958	85
3160	39
577	288
234	193
1850	10
1366	55
483	159
1909	41
1455	38
2144	15
686	75
840	50
1389	211
181	667
3140	138
1772	88
940	160
2193	94
3650	40
3141	36
88	972
425	312
153	915
71	862
369	358
175	627
1638	82
2311	67
2212	47
3169	41
2367	17
2375	112
1131	98
2492	74
3142	44
187	754
3634	29
3143	34
1461	85
3135	50
2553	59
2072	94
2675	8
4378	29
1682	52
2213	40
6139	11
1979	73
275	185
1959	98
1785	54
1913	68
3147	26
3328	4
3146	23
4565	7
1878	24
4902	5
2791	25
3148	65
2240	45
5024	10
2488	45
5369	1
3397	132
1773	48
560	346
3034	63
3123	23
1034	69
5379	4
5607	11
2047	38
2647	26
971	76
909	95
3150	12
49	2182
4182	10
4848	7
1273	127
1774	32
316	284
6958	9
7063	5
1013	301
3944	51
3218	61
2181	51
428	176
956	73
2092	19
5407	1
5408	2
2648	11
2056	18
1100	19
1141	28
3152	7
3153	59
3117	18
1617	76
5359	4
733	75
1064	146
3000	50
3818	13
5511	5
536	228
143	805
3521	14
700	105
365	113
5416	1
1588	32
912	87
3656	61
250	386
86	590
2121	15
1503	28
1694	59
5413	2
4205	9
3155	15
2214	40
1888	65
2006	61
273	269
708	238
3156	16
2576	69
3210	39
98	529
3658	30
3657	5
1142	68
1483	86
3158	36
3159	22
1743	42
1098	73
2898	25
1894	103
1598	123
3370	64
2555	21
378	186
3950	31
1612	92
1132	114
3864	22
3166	31
794	130
1166	147
66	472
4124	34
2507	88
3649	29
1255	70
3022	40
764	119
2037	131
3291	30
5378	5
1058	95
1777	67
5444	1
3953	13
1050	35
3954	12
454	306
3955	22
3550	28
318	230
3957	10
1294	78
2224	51
5214	8
1045	124
270	393
3770	14
3732	12
3958	23
825	60
3161	24
3450	22
6429	1
2509	20
1632	35
2478	26
641	124
2180	68
1952	89
706	124
2025	225
1092	87
1205	62
3396	47
5082	15
3959	18
3934	35
1116	138
2650	23
418	150
2520	39
3163	21
3508	42
1778	75
1902	117
2651	68
835	272
782	78
959	35
1105	45
254	429
1091	116
191	491
894	113
1040	59
3309	14
2330	27
1185	124
5151	17
753	110
5208	6
783	190
1093	75
2202	42
3964	8
3891	8
3701	28
2831	21
1276	48
1021	52
818	95
3043	17
1193	98
2661	28
1002	50
834	84
1916	40
1411	48
1667	94
816	116
2861	31
602	127
1070	108
1024	60
1148	54
2096	37
3165	80
3887	13
1748	46
5054	17
2027	41
866	195
1194	87
634	246
2652	66
5484	3
572	239
3104	68
6856	15
5551	4
412	251
2783	22
471	131
2313	37
1344	37
3622	42
1911	31
4709	1
1671	36
1134	96
870	79
2963	17
5497	2
5090	2
3214	13
784	116
3115	26
606	107
2271	21
1912	9
694	69
276	309
1675	23
1243	66
3419	26
6751	6
568	78
2098	48
2880	32
1669	112
3012	29
1414	19
512	243
1003	206
928	52
2944	48
2016	49
3765	61
3122	41
5505	19
3776	20
164	136
3781	21
504	288
1640	19
1326	155
589	125
4160	6
6147	1
5374	2
1658	98
1012	230
1369	66
6005	3
1622	55
1529	131
3619	10
1088	29
1654	41
1084	34
848	231
3976	28
2984	44
5985	7
1195	90
2131	23
3173	32
502	201
4877	1
2102	73
3174	10
2068	33
2320	61
2901	49
4774	2
5624	8
2216	12
2157	45
1416	97
2437	71
1699	42
2428	15
4828	5
3509	15
792	176
720	106
1025	141
3721	31
5524	7
1357	98
241	398
5435	4
6368	4
1633	66
5530	1
99	546
5532	1
5689	1
2965	35
7007	7
1534	96
2969	67
1814	29
3819	30
1670	97
1661	108
3928	25
2189	107
5708	6
4933	7
5617	7
7018	16
3982	7
3026	26
4914	3
3475	62
2603	56
2656	25
2219	38
3041	10
4660	5
1279	66
4493	16
301	251
292	458
841	72
938	27
2347	27
5544	1
2308	16
3281	25
3624	11
1591	70
1102	86
736	149
1786	26
668	100
3374	2
1144	48
2904	13
628	90
211	437
214	464
2825	47
3025	43
2504	117
5304	9
588	64
2087	83
549	389
691	297
1514	133
3357	15
3985	12
3685	26
3181	46
1625	69
2099	64
2309	45
481	118
2070	48
1798	17
1196	123
983	68
559	333
3988	14
1401	53
3182	14
5309	4
2220	39
2020	105
2662	29
2151	47
6221	11
1948	55
760	173
3183	32
2077	56
2062	22
1925	32
3663	11
4701	1
6232	1
6276	1
4706	1
3184	17
1914	33
1026	36
5570	1
1443	32
1705	31
3669	22
5268	4
3023	16
5574	1
2017	29
1052	116
790	120
1436	93
2059	95
1592	69
3048	30
3914	57
2100	14
930	53
2899	25
1787	41
2658	39
3863	11
650	113
1439	37
2252	36
1933	49
336	89
3992	2
1022	29
2889	21
1304	50
3388	18
1272	43
2886	29
2221	35
1904	73
901	189
3187	12
2423	11
5583	1
5430	2
5357	9
828	104
3086	43
2541	26
1691	42
3190	19
5266	6
563	196
1956	65
3960	27
410	283
1770	77
2659	31
2926	62
3996	18
1356	40
4715	14
5063	5
1038	105
2817	30
5147	5
1468	21
2222	18
4538	10
3999	12
1224	32
3191	13
2864	29
2511	18
2296	31
2019	15
695	182
5184	5
1739	115
1225	22
198	145
1368	37
3199	58
3192	11
414	310
1869	25
750	189
2660	12
4291	3
663	190
1065	80
2030	66
4003	12
821	108
2315	12
961	59
1302	82
5600	3
5965	2
2052	64
4600	3
646	84
3302	23
1921	23
2849	43
1659	90
46	662
4004	22
2441	68
3787	18
861	97
843	125
842	37
4007	2
5253	6
3667	18
629	65
611	85
1280	16
1595	93
4008	9
1079	96
4823	2
3195	14
2322	16
3208	41
4010	6
1554	105
1853	39
2328	24
678	64
4009	8
1752	33
3790	29
3750	14
1656	57
1394	89
3264	28
2080	28
1434	49
2424	11
570	252
5838	11
1951	21
2664	31
2430	47
2140	97
3836	11
785	104
2168	45
1791	72
5200	7
604	140
2946	11
5477	6
774	145
1230	102
2906	27
745	162
2015	20
354	207
1497	99
2881	49
3495	44
1426	69
923	153
2474	67
5634	9
4017	17
1535	61
2780	21
383	195
1033	40
4018	5
1350	26
726	122
718	183
1792	66
1418	35
3582	14
2522	53
669	39
442	301
1377	56
3476	20
4019	13
998	95
1833	28
4011	23
2502	55
2021	53
4519	19
833	66
2236	64
2655	53
857	69
1875	5
836	66
2473	73
1548	37
3380	26
1540	41
905	38
953	115
1338	47
3069	11
1110	35
847	108
5213	1
1518	46
475	136
4024	7
3205	3
2169	24
3402	6
5417	4
2907	25
3703	37
3087	42
5981	8
3546	40
1650	108
1163	136
6766	2
4331	15
1269	132
3207	30
5659	1
1615	52
432	190
6030	3
486	141
3425	19
1974	86
496	158
2920	49
5807	3
868	148
2785	31
1165	80
5662	7
3083	57
3050	40
2669	36
6509	8
2668	56
1444	28
1915	72
3966	7
2223	38
5195	4
5401	2
5665	1
2110	24
3853	25
4026	6
3209	34
4027	8
4028	7
3460	8
4369	8
5871	3
6135	11
1863	79
1977	124
3983	10
3304	11
5447	5
5670	1
6916	6
5679	5
5561	8
3390	31
599	97
1133	35
3833	16
5802	4
3692	6
3940	7
2988	16
2200	39
1776	42
1151	37
4509	3
2097	43
5592	12
4545	24
1793	40
809	38
2738	12
721	27
2512	20
3680	8
3211	9
4159	9
2303	14
2225	9
1606	31
515	133
2396	21
636	78
1199	78
298	260
962	133
4415	7
3213	12
5712	2
1150	77
1314	46
5861	4
509	230
1061	27
3108	39
2262	33
2882	20
5711	6
1123	24
2799	23
5691	5
2226	24
2232	38
2850	33
5399	17
795	123
25	781
1707	39
2227	38
2317	27
1507	23
920	91
4231	5
3178	65
995	147
4189	21
2802	45
2481	32
6297	9
4283	7
2486	26
2256	23
2874	54
1077	96
3898	5
919	315
2837	50
4857	3
556	182
1121	160
4032	11
1655	99
4835	9
5372	16
4811	1
5605	1
3001	45
3718	12
5446	18
879	94
5055	4
2876	49
3504	8
5700	7
4390	9
142	244
333	74
1049	51
5706	2
5538	1
1797	30
3610	18
176	325
985	24
2672	3
3935	7
2389	20
2896	25
4037	3
1700	22
2335	13
1262	37
6642	4
232	132
3733	38
2255	28
2235	61
906	174
1319	42
1083	20
3239	26
1679	149
1200	75
2503	29
965	50
3956	13
2458	55
3223	42
697	73
3224	12
5715	1
1603	55
4915	6
3225	47
3226	43
2726	36
2360	70
320	159
973	25
6124	3
3227	11
542	32
4042	11
1596	71
5518	5
4338	14
4301	21
4044	22
2382	58
3276	33
2461	11
1019	64
2572	8
3229	25
3952	13
757	131
1128	80
727	91
2378	11
2673	25
6329	4
3230	28
1513	56
3493	22
2446	57
3854	21
3231	48
4045	11
696	125
1328	69
2888	21
4887	1
1206	65
855	166
2290	75
2137	66
2549	42
2858	24
3232	58
2408	39
1241	37
810	78
537	142
1229	37
5730	2
1989	14
2891	17
5731	7
2812	36
4046	8
1425	33
3234	10
1834	10
1519	19
2786	24
2674	14
1355	14
1844	19
3539	12
2145	22
3075	14
1580	68
2782	35
6977	8
4048	5
2852	20
2749	17
2197	57
5340	4
3139	24
382	138
1085	31
3769	20
1895	51
3110	35
6384	2
5136	12
3672	14
2249	32
2665	16
3889	14
3339	9
974	100
1800	56
3236	28
3202	36
1917	47
3237	52
2826	30
1801	31
4049	14
3670	35
2997	43
7061	5
2231	48
2932	27
1379	73
4911	6
3238	23
5897	12
2609	46
4648	17
4630	12
1309	52
1891	67
2887	39
3937	24
2966	66
2104	39
3125	18
3682	47
4068	11
4619	15
3249	32
5391	8
1370	25
4295	3
614	216
2457	50
2646	49
3105	46
2379	74
2440	22
2516	77
4178	17
3074	26
2676	51
4055	9
4056	11
6921	5
1417	39
3193	33
3938	22
4649	5
1960	78
1463	60
4574	9
4002	10
2233	18
3017	24
5040	7
140	314
7057	1
3543	5
1207	19
1623	164
1029	123
1629	122
2517	12
2295	43
3245	10
2234	26
2677	47
5774	1
2678	39
712	137
3933	34
3763	7
2054	74
1108	124
4294	10
4577	17
2413	71
2327	32
673	172
1081	47
2195	46
2680	40
4059	3
771	129
3273	12
1236	51
2319	21
1684	95
6514	4
4060	6
966	129
6288	5
1945	48
4634	12
1292	111
2154	76
2463	55
1203	72
4099	17
3831	16
3706	5
3031	28
896	135
786	104
1512	51
3715	19
5785	4
4061	15
3481	27
1155	144
6808	12
2975	44
2709	44
4714	6
3766	27
2337	27
1457	48
3248	28
1804	47
5787	7
5296	9
2010	100
2294	37
3810	33
3883	19
541	74
1078	70
2024	14
1990	96
3881	23
2105	24
1817	18
1836	36
674	43
1107	25
1452	75
3734	13
6118	2
3673	11
2238	2
3575	15
3251	5
4064	13
5010	10
4065	19
2312	10
1947	20
2142	21
3828	17
3327	11
2548	32
5794	1
4984	11
3256	40
3128	68
389	146
3760	64
2636	39
3254	16
3255	13
1582	57
5047	3
381	80
2439	18
738	94
1642	32
7053	1
564	103
4559	1
2321	15
3337	34
7034	5
6058	5
4069	18
689	22
1741	56
5425	2
4117	6
2334	14
2201	37
6842	5
1053	50
508	95
2489	22
3258	10
6946	4
1388	39
3029	49
2412	50
2829	30
3259	30
1769	77
1118	30
1448	35
5809	1
5810	1
2580	37
1858	51
2101	25
1657	71
3432	27
3036	14
1469	42
1542	139
6992	14
385	218
1505	94
3683	8
3177	19
3260	17
4257	12
977	49
3371	23
2810	55
2003	53
625	188
931	107
4052	21
3262	21
5020	4
4440	20
4783	1
3263	15
4830	3
3797	19
6314	3
3081	48
1473	38
5811	6
1600	67
1415	91
3266	5
5203	3
5818	2
2323	20
2561	38
3659	17
2164	28
3716	11
2324	24
1918	32
5819	2
1233	63
4076	9
517	125
1806	73
1431	160
2425	17
4077	22
1692	84
1306	3
1689	18
869	92
898	35
2950	39
1713	49
2952	60
2967	33
3675	41
2834	34
4078	21
2794	31
307	438
914	74
3134	68
3267	12
4079	26
659	112
4080	14
976	171
2107	13
1254	45
822	103
2604	59
3997	34
3711	7
1043	48
1986	51
1130	57
1978	55
2784	42
5828	1
1969	35
2574	16
622	183
2411	14
3473	7
4859	8
6957	14
4084	6
3704	40
4963	4
2856	25
4236	4
2280	11
2683	42
3005	31
5120	22
3268	14
5996	31
2715	10
3269	15
4763	9
5098	6
4461	5
1449	34
3757	24
2381	85
2617	45
6524	16
1539	82
5839	7
4086	1
613	56
2241	93
5837	1
3136	54
5836	1
5557	14
1976	81
975	114
338	263
1718	96
4854	5
3676	11
2865	28
1599	67
1471	65
2998	17
5849	3
1001	36
5851	8
1502	19
2847	23
2877	14
4088	13
3271	15
1099	104
3596	54
2067	13
2645	88
4089	6
2141	30
2685	23
1919	10
4270	11
3817	22
2570	39
2207	11
1339	41
5835	1
2108	23
661	86
3274	12
1634	97
4092	11
1300	115
1179	66
3114	5
4279	28
3796	22
2339	15
1808	52
2688	41
2827	45
1809	60
2820	17
3277	17
3471	14
4094	4
1810	36
4865	3
3858	22
1253	70
787	26
3469	20
4095	9
3389	36
5865	6
3279	22
3280	25
5866	1
6599	2
4829	11
5751	3
3241	33
1828	14
5344	3
5219	5
1813	54
2854	16
2464	39
4817	7
3642	13
4183	11
3991	13
1784	44
5294	1
4098	12
4563	8
1135	115
3168	61
3548	16
4609	11
3283	12
2971	27
6952	5
3064	43
1552	13
1563	58
4100	13
808	149
2844	42
3633	26
2595	65
2026	37
3008	30
6477	3
4773	8
5875	4
3451	25
3296	14
5961	4
4664	4
5879	4
7017	6
5880	1
3778	20
4685	17
4769	8
3027	18
1006	87
3967	27
1143	54
2851	17
3907	25
5817	3
3060	13
3288	38
1427	76
734	110
1371	55
2807	36
3874	25
3289	22
5601	6
2690	38
3290	31
5420	4
2490	74
672	88
2692	27
1289	55
4522	13
6208	18
1970	88
2592	77
3804	5
5896	4
4106	9
2993	43
3294	16
2693	23
3242	10
4942	15
3801	11
3358	11
1841	12
2393	19
6262	6
3538	33
1586	82
3246	31
3773	19
2380	60
1630	60
3295	27
2373	69
882	85
5898	4
2482	27
5654	5
567	117
4109	1
1490	89
1811	63
5464	20
3961	9
1695	131
3270	44
5901	3
4035	10
2772	30
6964	1
6218	3
6718	2
2179	30
788	49
2552	47
2814	21
3438	9
523	139
2833	21
3298	11
717	65
2124	22
4111	18
1477	21
1428	90
5906	1
4930	1
2933	57
3822	28
5869	1
5908	3
1923	100
2028	31
2460	50
3282	22
3299	15
2211	24
4112	10
3221	6
2239	18
5912	7
3300	29
2954	41
1266	99
3301	10
1397	29
2088	22
1838	44
2091	25
1101	23
5606	4
1815	29
3305	18
5554	11
3736	26
2832	35
309	198
945	88
5917	2
2694	55
4115	8
2695	16
5086	4
3307	22
3712	28
941	11
2565	9
1140	109
5919	4
1816	26
1331	64
3600	10
7062	4
3308	5
2519	21
1874	37
2857	21
2029	16
5920	1
3265	30
4663	2
4091	15
6202	6
5921	1
1251	45
2822	33
2696	20
1818	6
6564	3
6086	3
2534	16
6401	2
2427	12
6197	3
3329	9
538	77
3629	56
1367	120
1472	5
1593	75
4118	2
1601	70
3537	20
4029	15
5925	1
3920	9
1430	52
4120	10
803	56
3313	14
4121	6
2243	12
2111	43
5926	1
981	45
3737	6
5233	1
4122	6
3677	7
3314	9
5519	2
4110	14
4703	13
2242	16
3212	42
5927	4
1330	35
2133	39
3315	35
5930	2
2698	17
3316	36
4578	6
3272	27
1870	78
979	33
4850	4
2483	19
2983	38
1805	53
3367	14
2116	66
5933	4
3317	15
3076	27
1783	26
1422	74
1521	63
3318	11
5934	3
5935	1
2114	17
1821	26
3392	38
2244	43
3724	21
2329	31
2716	24
1820	26
4618	4
978	69
1270	28
4307	14
3321	8
1349	43
3945	15
3800	9
3767	7
4125	3
3203	16
1711	37
1822	14
618	153
1728	53
2115	57
664	91
4870	7
4123	8
6764	7
6535	3
7012	8
2996	49
3323	5
3240	6
3487	10
2699	9
5455	8
3962	37
1696	16
3628	20
2377	44
3003	43
6835	5
4127	11
3925	28
3145	19
3872	13
3647	51
1227	33
2917	31
3942	23
3930	23
4072	7
4896	9
5749	3
4992	12
3286	33
5237	2
2700	32
2701	5
7006	2
3713	8
1927	37
1382	46
3325	2
5820	2
5118	9
3354	36
6244	3
3326	17
4130	13
2727	21
2467	25
1308	39
1876	55
1484	20
3792	7
619	52
2348	3
5952	6
1073	56
7051	12
1768	42
647	163
4636	18
2703	49
3016	40
1068	65
4240	29
2000	51
5648	4
2186	80
3826	12
3849	4
4659	3
2044	17
7046	5
5065	4
1590	94
2508	36
2399	68
987	55
2663	52
2161	60
3330	1
3581	31
5956	4
5959	9
5650	12
1340	77
2558	17
2383	30
2811	23
4132	5
3435	14
4158	11
644	51
2705	45
2031	51
1551	46
3331	35
1676	29
769	113
5017	1
2513	17
3965	22
4687	5
4134	6
4290	3
3399	23
1624	49
4598	1
2718	43
6015	7
2384	14
2706	11
3472	13
862	90
3456	8
491	50
2681	36
2205	38
2821	10
3275	26
1259	42
5029	4
924	39
2246	18
4135	21
4136	2
2554	60
1823	32
3172	24
5973	3
2937	51
3333	20
2283	30
3332	23
1574	91
5616	1
4662	4
3188	42
2191	46
5349	1
4137	1
3170	14
3061	35
1619	55
4532	3
2170	30
4138	2
3334	16
1824	18
1509	11
3335	16
4140	11
5978	9
6965	2
1626	71
5364	4
5133	2
2254	39
4810	2
5979	1
5636	2
4142	15
1664	45
2032	45
3312	21
4051	12
2143	26
1067	46
5723	7
1223	18
7024	1
2707	62
1152	18
3338	20
4143	10
3310	39
3829	10
4128	23
5967	7
5862	8
3344	19
3580	5
6161	3
3540	19
4145	11
2117	25
2033	50
1385	44
1910	16
3341	12
5982	1
5166	2
2560	18
957	125
3754	13
7015	8
6945	1
6926	1
4987	9
2521	22
3973	41
1293	21
5393	3
5661	2
3342	10
1569	25
4146	6
2407	6
3980	22
3106	29
2913	45
5671	3
4147	19
1688	82
3866	16
1221	132
932	169
6715	5
6231	3
996	91
1826	38
2911	23
1169	62
2443	24
1359	117
4148	3
3351	31
2258	17
1795	21
4944	2
3201	32
7033	8
6975	5
4030	3
4149	9
1346	29
3345	13
1942	22
4150	17
417	75
2438	45
4031	17
5773	4
2331	11
3346	15
2416	46
1432	17
4593	3
4804	6
4803	15
6089	7
960	115
3297	32
1920	58
5363	9
908	68
2505	24
3098	51
5863	7
3978	21
5864	4
6744	8
6699	6
3353	19
4151	4
3347	18
4812	3
5805	1
1204	36
2556	18
3348	24
4853	4
6679	3
4988	15
1645	49
1226	55
6003	1
5947	4
1494	79
1345	52
3936	11
3795	14
969	108
1074	73
1627	16
1424	83
4748	10
4154	3
2622	53
3598	5
3196	42
4155	7
5929	3
2218	40
1391	31
2391	29
3577	11
1056	30
3349	11
6007	6
6008	2
2394	23
2387	20
2892	63
4116	5
6009	1
4156	8
6172	4
6069	4
1953	35
5421	1
6012	1
2708	13
528	26
2405	17
4676	8
3350	14
1796	67
5501	12
1604	21
1827	13
3222	20
1829	19
5261	5
1729	79
4801	3
5575	4
2951	27
3352	11
3998	17
5409	1
6018	1
1354	10
2535	4
1807	29
632	77
6580	5
6021	4
1220	32
3972	8
2148	31
3697	59
1496	28
2618	27
4282	4
5882	1
1240	38
648	105
2036	68
6341	4
1433	25
5721	1
5824	1
4445	5
5890	2
6618	11
2215	37
964	88
5437	2
3827	33
3987	36
5801	14
4345	16
4977	8
5909	2
6462	3
3127	22
827	46
2712	39
4492	15
3359	38
6032	15
4250	10
2905	15
913	128
1830	9
3336	9
575	100
980	83
1790	38
2713	63
388	158
1435	26
3970	24
5453	15
3459	16
4083	37
4162	22
3186	21
3679	14
4163	3
3362	33
1559	22
3220	4
4164	3
2199	39
2691	33
1971	60
4165	10
1167	42
1170	30
6042	3
2979	17
5986	9
4167	15
5079	17
4967	6
6045	1
6047	1
3204	8
4288	6
6092	7
2217	46
2496	51
6166	2
6459	2
4169	3
2714	18
6038	1
6051	1
824	53
6759	5
6222	6
6063	8
1054	17
4555	6
1301	46
2573	25
1873	16
3375	18
1934	42
3893	25
4170	8
2689	38
3665	39
3303	37
6056	2
3366	3
2410	18
858	53
3417	24
3138	42
4172	12
4054	8
4682	8
4173	4
1832	62
3063	16
3735	31
2250	23
4174	6
3654	25
2584	22
1495	57
5210	6
4557	23
4457	8
3054	31
5209	2
4367	10
2702	44
1201	30
6064	1
5752	30
3340	6
4176	3
435	34
3030	19
2657	10
1467	46
4721	8
918	17
860	61
4926	2
2816	11
2153	46
3520	14
3368	18
3369	10
1963	25
3681	13
4693	18
4157	9
6122	4
6068	7
4513	6
3691	13
5584	6
1051	17
5946	10
4491	4
3814	10
1127	30
5190	10
1437	52
3922	17
6077	3
4180	4
6737	6
2809	27
3491	28
2434	57
6109	3
2390	53
3984	34
4181	13
1597	67
2333	22
2034	38
4423	4
3989	32
1212	40
722	23
5131	4
1238	36
5517	5
1323	17
2491	44
2910	18
704	256
5097	6
1094	42
3839	14
6087	2
3533	18
3373	7
6481	5
6994	11
6486	1
4540	22
3458	22
2022	44
6090	7
4184	4
3678	27
1423	60
2606	17
5061	9
1738	59
4186	5
6181	3
3377	18
5677	4
5201	1
3963	5
3586	27
2307	4
1981	52
4016	9
1703	52
3379	14
2717	31
2053	8
707	25
3753	2
1258	55
4568	5
4103	25
6097	13
2253	76
701	165
6098	2
4187	9
2341	9
5375	4
3616	6
6568	3
2525	28
5776	11
1649	28
2344	23
5688	1
4082	16
2777	14
2575	32
3860	17
2158	48
1311	28
3216	9
2935	12
4177	14
5739	5
6117	5
5944	5
6033	1
3708	15
6016	10
1589	67
6107	1
2357	8
3080	20
1687	26
1479	21
3468	14
2119	53
2392	52
4190	32
1775	56
1553	80
2095	18
1564	52
3028	27
1482	30
1672	42
687	82
1440	114
2368	21
4595	1
1903	89
2559	8
4847	3
4851	1
6141	8
3383	11
2551	25
2466	15
4737	1
7003	9
6716	9
6115	1
1855	27
2531	15
2902	27
2723	34
5292	5
2770	40
5084	2
5939	3
4074	10
6120	6
2720	23
3157	44
3372	12
1851	48
5145	4
2722	27
5094	3
4001	5
1321	52
2721	12
5035	7
2340	16
4613	15
4255	34
4908	3
4866	6
5476	7
3705	16
6176	11
3387	6
6441	3
2775	28
1342	30
6034	12
4533	9
6126	1
1837	45
2487	23
5215	8
4361	9
780	85
5142	13
4904	5
4871	17
4191	9
2109	32
1208	43
4710	7
4654	14
5288	7
6542	3
1516	14
942	14
2667	23
2686	30
6132	1
6133	1
4193	7
2139	48
4764	4
4686	2
6134	1
2756	20
2468	49
5034	6
1839	26
2265	51
3948	7
4995	5
6019	3
3391	8
731	26
1086	104
5461	8
5350	6
6333	4
2349	69
2038	3
4194	14
4195	7
4802	3
6072	1
3393	20
6988	2
4954	12
3910	29
5355	3
1628	17
897	37
1446	16
6140	1
4196	9
2759	45
654	265
2237	43
3394	23
1840	18
3395	10
2272	14
3089	49
4994	16
2893	39
5638	1
6037	2
4970	7
4318	23
660	83
2388	15
2526	23
4197	5
3597	2
2883	10
3603	7
2426	50
3614	28
4198	7
3452	17
2493	27
470	133
540	165
4768	1
6010	2
4200	8
4201	3
2588	66
6149	7
5963	5
2286	39
4725	7
4014	5
873	134
3968	30
3969	46
2041	17
5844	3
2724	10
5987	4
3167	35
3398	11
6151	1
2639	35
2527	33
5373	19
859	50
4203	11
1320	64
2818	23
2528	18
3400	18
3401	17
823	44
2640	58
4204	7
3636	33
1665	45
2475	17
817	19
4506	4
3062	47
6154	2
3477	10
4207	1
3014	31
6155	1
5485	3
3403	8
3821	10
6159	5
5642	5
3879	23
2725	14
5325	12
2165	8
3405	26
3198	30
1643	64
4625	11
3100	22
3931	24
4707	6
2093	31
4572	2
6163	1
5083	9
3164	40
2112	30
6939	11
3843	13
1997	62
5293	2
2429	35
1781	42
3617	12
4261	15
6191	2
5718	12
1007	62
4993	16
6027	2
3407	13
5907	2
6169	4
3406	20
2748	50
6168	4
3408	9
5479	11
5343	4
5301	2
2872	35
6998	3
6494	3
1090	39
1882	70
5286	3
1460	29
1926	27
3412	11
1263	40
2257	3
6452	3
1310	9
4560	10
4036	17
5327	4
6367	1
4212	2
2613	32
1476	9
4023	12
2187	15
5161	4
4656	6
6934	11
5221	1
1161	118
6174	1
4214	6
1089	30
2270	14
2259	19
3805	5
6372	9
2974	10
3413	20
2586	53
4873	14
2400	19
6031	3
4216	30
6177	4
3235	17
2336	4
4217	6
2653	20
1880	62
7040	12
7037	3
3637	8
4211	2
1928	7
3916	16
2808	31
5764	6
5135	6
3154	23
2728	27
3415	24
1557	36
6179	1
7029	14
1964	26
3664	13
1465	48
3416	14
2338	11
7036	8
2729	19
6182	1
6183	1
4220	12
4913	3
4221	3
3149	13
5674	6
2325	18
1702	61
3228	13
2885	9
3418	7
3385	15
1930	20
6259	2
1842	13
6187	3
3113	15
3420	22
4222	12
831	40
3772	10
2204	36
710	143
3947	5
6256	3
3421	16
806	80
5285	2
3844	8
6190	1
2529	7
2146	29
3876	17
6549	4
6020	5
1843	23
4937	3
5539	1
2397	3
4224	6
6192	2
3802	6
4971	5
2732	25
7055	4
2989	13
4225	10
6194	4
3422	9
6195	4
2374	35
6001	6
703	72
2730	24
3423	4
4418	9
3662	21
3547	10
1103	2
4780	7
5814	5
4227	19
5886	6
3206	11
7043	3
5840	3
5436	3
6199	1
5191	3
4228	2
6203	3
2122	7
3046	32
1351	13
6928	1
3741	31
3426	1
1373	2
4229	8
4230	9
4996	2
2731	17
5958	3
5064	4
1209	37
3427	21
3428	6
1803	88
2909	23
5580	5
5134	5
3993	9
6136	2
1341	18
3429	8
5728	1
2602	32
3194	67
2376	29
6275	3
2733	41
3378	12
3219	44
4689	4
3503	55
888	29
6207	3
3466	26
5777	7
5392	2
6209	14
2082	40
5899	4
6213	1
6214	5
5424	17
5953	3
6588	6
4705	7
3623	14
3511	5
1931	25
2735	4
2398	27
5513	5
4126	12
4108	24
3431	11
6219	3
1261	52
5108	7
2736	34
6220	6
5386	7
2530	34
3433	16
1347	34
6326	5
4063	22
5842	12
4144	20
5085	9
4949	7
3434	10
2123	20
6223	1
2125	26
3250	6
4736	5
3867	17
4233	4
4025	6
6099	2
4102	13
6224	1
2263	36
3436	3
2089	25
927	23
4234	13
6470	4
6205	1
5329	2
3684	9
5380	2
6227	3
2871	5
2448	4
1932	22
3057	25
5302	4
4579	11
6229	2
571	89
4573	9
2737	18
6230	2
3404	18
3941	32
6233	1
4237	3
2130	5
5269	2
4583	13
5099	7
6082	2
2023	63
1515	22
490	71
3440	5
4238	4
1884	4
6237	1
4925	2
6238	1
5283	1
4596	1
3441	4
6239	2
3852	8
3442	15
1846	13
3443	8
2453	22
4239	2
939	14
5991	8
5541	13
1541	34
5175	6
4232	1
6243	6
5381	5
3444	13
5640	13
6184	7
6832	2
3690	11
5976	3
5041	1
5995	2
3445	2
3430	42
1924	17
2704	41
3446	13
2890	18
6246	3
1312	6
4713	4
6247	4
6248	4
3447	4
3343	10
4734	11
4243	3
4711	10
6251	1
5066	1
4702	2
5068	18
2867	12
2762	9
5760	22
3287	7
5759	6
3574	1
4244	1
2903	19
3129	23
1075	50
3449	11
5013	10
4105	11
6240	2
910	37
3361	61
4617	1
1852	55
1848	15
5560	11
5159	4
5823	2
3635	12
5491	8
3756	12
2172	25
5683	6
4245	4
999	14
1879	37
2245	22
4599	2
4246	7
2282	12
3686	11
4235	9
6987	6
3453	26
5227	4
5318	3
6260	6
5171	5
5705	7
4093	11
4604	5
5196	1
2972	5
6108	6
6011	7
1313	76
5352	8
3448	8
1466	44
3482	18
5463	11
5887	19
5006	5
682	118
4249	9
5892	4
2532	22
3322	12
6365	6
4861	1
6127	4
2515	33
3455	6
4752	12
6910	9
4886	4
1745	18
5426	12
3627	10
6083	2
3751	4
2562	25
4330	9
1139	36
4254	3
4248	5
2897	14
3488	9
4384	18
5274	5
7013	5
2569	17
6131	1
4892	2
6270	1
713	29
6272	1
6273	1
1119	3
6274	2
4101	7
4589	8
3306	32
3457	7
5388	16
3320	5
986	19
6279	2
6250	3
1690	52
2266	14
4323	7
2739	6
5931	1
5397	4
4946	6
5874	3
5620	1
2740	6
6282	1
4258	8
4304	7
3536	2
6283	1
1900	61
6165	2
4259	14
6932	3
6284	1
3746	44
4133	20
3674	20
3743	29
5422	5
2278	8
2679	3
2742	35
3461	6
2342	15
4827	2
4285	14
5966	4
4260	6
6286	3
3462	17
4192	47
4053	22
5125	7
4646	4
3284	7
2563	32
3560	33
2743	9
3463	16
2355	14
4328	3
2771	9
3981	7
5714	4
5276	5
819	11
2863	29
6291	1
4943	4
6292	1
6387	3
6293	2
3465	9
4535	22
3696	10
6294	3
5008	7
6295	3
6054	1
5248	2
6298	1
7016	6
1282	26
5732	13
3197	34
1290	8
2533	14
2524	4
4262	11
4698	6
2819	13
1445	26
4425	9
6301	4
5757	4
4022	23
3381	33
1257	28
3774	16
3523	10
2046	64
4520	9
5786	26
4858	1
2894	13
6053	3
4938	10
4264	6
3467	20
3742	4
5713	6
1949	47
6303	3
4266	17
5615	11
4569	3
3841	4
5027	3
4692	8
4267	4
5591	5
6305	1
6626	2
5014	7
7041	5
3492	23
4539	11
3095	19
4269	4
5625	10
4611	4
1683	16
4888	9
6309	2
6345	9
4637	1
6310	13
5738	6
5088	6
6189	1
5747	3
6311	1
3454	3
4271	1
4139	6
6313	2
6039	1
6315	1
6316	1
2267	21
6236	2
2745	15
3668	6
1849	11
6956	4
3850	8
2447	49
5603	2
5923	1
2746	3
5932	2
4272	3
4759	3
4273	6
5666	5
6931	2
4274	2
6318	1
3020	7
6319	3
4932	6
1252	13
4275	3
837	37
2912	23
6323	7
6325	2
1517	33
1731	68
5581	8
6052	3
3660	19
1117	63
4869	3
5725	6
3189	18
3478	1
6522	3
4276	2
2183	9
3927	16
4175	9
5507	8
3479	1
5997	1
2895	31
6933	5
6332	3
2260	10
4278	11
2326	27
5631	1
6334	8
4907	4
3877	15
6917	16
4379	13
2773	10
5945	2
4090	8
2758	17
5693	4
6144	15
4678	2
4717	3
6336	2
1812	8
5170	2
5396	11
2747	6
4677	12
6338	5
1605	3
4141	11
6339	1
6271	3
1264	74
3411	8
2958	18
4281	8
6342	1
5483	6
4067	6
4840	4
5031	1
3740	8
5069	12
452	21
5460	1
3285	6
4284	7
2039	18
2980	48
4286	19
5793	1
2484	31
5223	4
5703	4
5049	3
3483	7
3484	6
4287	7
6660	2
6348	2
3485	7
2869	16
3486	6
6186	1
4289	8
3909	6
5651	1
2779	5
4631	6
5535	1
6281	4
2666	27
4681	1
6350	2
5831	4
6351	1
5025	9
3738	4
3518	7
6352	1
6044	7
2838	16
3489	14
5258	1
4699	5
3842	24
6353	1
2750	19
4263	6
6355	1
2942	11
3848	44
2406	21
5596	4
6356	3
5335	6
4603	3
5127	9
5628	7
3490	4
2873	11
7059	1
1153	11
5279	3
4668	2
4292	13
5845	3
6561	1
5315	4
4293	1
5937	1
6358	1
6359	2
4885	5
6360	2
6949	6
3700	22
6361	1
6362	1
5577	15
5609	8
1015	49
6185	2
2545	52
4674	15
5916	20
6363	6
4550	37
6364	2
3688	18
6408	4
6366	1
3524	19
2752	8
3620	9
6948	4
3494	3
6088	6
1765	20
6369	3
1975	92
5456	10
3689	12
6066	7
6264	1
4824	7
4898	8
4297	4
2557	13
6370	3
2941	13
5239	2
4298	7
6371	8
2401	22
5854	7
6516	5
2961	17
2753	6
6150	4
5306	9
3496	2
4299	25
6343	6
2754	20
6375	1
4544	10
5895	17
4742	3
6102	5
3926	9
4302	5
4303	2
5960	3
6378	1
6379	2
2402	4
5287	3
3498	1
3652	35
2970	37
6380	4
6911	7
6335	8
4796	2
3782	3
6970	4
5101	4
4541	21
5686	7
4296	13
5856	4
6545	2
3499	20
4305	10
4268	12
4306	1
6937	13
4412	10
5016	2
6980	3
1668	35
6386	2
6324	2
3855	22
3501	12
1861	32
4916	3
4884	4
5361	20
3102	34
4606	14
6389	1
5251	1
3606	2
5762	2
2403	3
3862	17
4308	3
4309	2
4226	5
826	33
3799	39
5262	12
6392	1
4329	4
6393	1
5792	2
7022	3
4999	1
1572	6
6331	1
4310	2
6394	2
6017	4
4311	16
2755	2
6171	1
5404	5
6732	6
4251	14
5473	8
4846	3
6912	4
5888	9
6091	4
6397	3
4312	15
3522	11
3555	4
4113	11
6398	2
2126	7
4524	1
3506	3
4316	2
2510	38
1973	22
6399	3
6400	8
5566	5
1447	82
5692	4
5129	4
3507	4
4317	6
6403	1
6302	1
6175	1
4602	1
4799	5
3777	2
6404	5
2127	10
5114	6
5454	2
4213	2
2040	39
5758	7
5506	21
3551	23
6211	4
2757	7
2128	7
3510	16
5841	5
5928	2
5280	13
3604	2
5567	1
5587	2
5904	1
6689	3
5680	5
6385	5
3051	18
3856	6
2269	6
6405	1
5070	5
6406	3
6730	1
2939	40
6407	2
4277	8
3244	57
1213	29
2404	20
5942	1
4821	6
6228	1
6409	1
3748	26
3549	2
5627	5
4322	2
4424	3
3512	18
5411	1
3583	11
3066	22
3217	17
6410	11
5943	4
4691	2
5206	1
5988	2
5230	2
1854	3
4921	4
1187	47
3515	11
6565	4
4629	2
6413	1
6414	1
4761	2
6415	3
4973	10
4939	4
3571	11
3749	12
6971	1
5474	9
6417	3
5240	3
6411	8
6418	2
5876	1
4670	5
3870	31
4580	11
3725	4
4131	5
4325	4
6420	5
5427	12
6421	1
3949	7
1856	6
5850	3
3517	11
6673	6
1857	22
6422	2
6423	2
4462	7
1719	17
2761	5
4490	2
4153	5
6046	1
3042	6
6424	1
2274	22
5402	1
4265	11
886	42
6425	1
6426	3
4362	7
4000	14
6427	1
4327	1
4958	14
4085	10
4435	29
4043	3
4767	2
5877	3
4503	4
5722	7
6431	1
6432	1
6111	5
1939	19
6235	1
6433	5
4256	8
4071	25
6434	4
6435	1
5102	6
5579	5
6437	5
6200	8
5971	6
7004	9
6559	2
5282	3
3626	11
6317	3
4965	5
5737	3
1510	23
5889	2
3171	8
4838	7
2763	1
5316	9
4332	5
6439	1
4333	2
6440	1
1831	57
2045	17
4334	1
2843	11
1862	31
3247	11
4961	2
6442	1
6913	1
6443	2
5146	8
3871	12
4335	6
6445	1
4218	16
6447	2
5339	2
6300	1
5994	1
3602	10
6999	3
6287	1
6204	3
5974	8
6629	4
1859	16
6048	3
6330	2
3745	40
2472	50
3894	26
6450	1
5259	6
2766	26
6451	2
5853	4
5772	4
4655	4
3569	18
4794	8
1480	6
4039	14
1961	46
6954	5
6453	4
5780	14
4047	2
6454	2
6455	1
3525	8
4336	10
3911	8
6456	2
4337	10
6457	6
6458	3
3788	16
6060	5
1532	106
5872	1
6277	7
5324	3
6430	2
6676	3
4893	2
3529	9
5859	1
6212	1
6114	1
5526	3
5968	9
4119	13
6843	2
4339	3
4340	5
6162	2
4341	2
1246	9
3526	1
4185	10
3979	12
6962	3
3527	4
5046	2
6460	1
3528	1
5542	4
4784	3
6142	2
5410	4
5744	2
4782	3
4342	3
3563	4
2299	36
4343	1
5720	3
4038	1
3424	28
4344	19
5893	8
2767	10
2279	16
4818	9
3747	10
5768	2
4482	3
4952	8
5533	1
2571	35
5724	1
4498	2
1481	9
4348	3
5234	14
4349	1
5176	4
2768	11
4350	13
6145	2
6464	1
6465	1
5458	1
5781	5
4537	6
6084	9
2769	12
5400	3
5626	7
3531	16
3594	32
6466	3
3995	7
6467	1
6148	5
3722	29
4959	2
4352	16
6346	1
4980	5
1929	34
4917	1
3500	15
5272	5
5338	5
6468	1
4354	3
4355	2
4356	5
4357	5
6469	1
5913	7
1780	77
5116	6
4210	8
6152	11
6096	1
6105	6
4359	3
1885	21
5058	5
789	6
7030	10
5431	10
6416	1
4280	2
5644	2
6651	5
6925	1
1867	9
3535	2
2455	8
6428	2
5672	6
2264	31
4300	29
5745	1
3324	21
7023	8
2710	2
3873	25
3775	22
6306	4
6473	1
3532	4
7064	1
6474	7
4733	4
6475	2
6476	3
4363	6
5608	7
6261	2
4722	2
4883	4
3534	1
4168	13
4364	6
5903	3
4315	3
6479	8
4856	3
6480	5
4728	6
6482	2
4882	1
4366	4
6483	1
6650	3
5695	1
3386	43
1950	27
4779	16
5989	5
6485	8
3497	14
2273	13
6487	1
4571	5
4652	4
4922	6
7000	3
4368	15
4360	2
5418	1
6488	1
6296	1
3409	6
6390	2
4969	6
4370	3
4979	6
5100	6
6969	2
4188	21
3943	7
6489	6
3639	53
6490	1
6041	2
5231	2
6198	2
3541	21
6491	11
874	12
4624	5
3798	6
6492	1
3253	14
6493	1
5009	6
5515	4
4247	15
6495	2
6081	3
3542	5
6942	5
4015	9
6130	2
7026	6
6496	5
6497	4
3693	22
4753	1
4672	5
6498	2
6484	4
6499	2
6164	6
6500	6
4809	7
6501	1
6502	1
2043	5
3544	6
6146	8
4953	4
6503	3
5044	8
6504	8
5353	3
4372	2
5846	6
6505	1
2456	26
3545	4
6506	1
2744	4
5256	2
4373	12
6507	2
6508	1
5299	4
3719	36
5148	4
5536	5
3816	10
6511	3
5275	8
5782	1
6512	4
4816	1
6919	1
5658	4
5990	6
4375	5
6206	2
4546	11
5030	2
5499	1
4070	7
4376	7
4566	2
5140	5
5736	7
6396	1
1941	7
4377	5
5452	4
6438	1
4548	7
3474	7
6513	2
4041	14
2566	5
5481	12
6515	1
4320	20
3049	13
5043	1
4837	5
1060	78
6967	3
5367	10
6576	2
3651	22
4365	11
1944	10
5462	8
5415	5
4723	6
6518	1
2781	2
6520	2
6521	1
3552	2
5366	8
6791	4
6989	1
4381	5
2630	13
4040	3
4647	11
6267	1
3553	4
3717	17
4750	5
6523	4
6395	7
5186	12
5033	6
5428	4
3584	3
4382	4
5951	9
6079	3
5001	5
5639	6
5521	3
4383	2
5707	4
5150	15
3780	23
5164	4
5376	3
6071	3
3557	7
6526	2
5816	6
6528	7
5321	9
1762	67
4219	11
7054	16
6529	1
1470	16
6337	3
5433	4
5412	10
4955	5
6057	1
7020	4
4321	1
4576	2
6530	3
3558	10
3363	7
6531	1
6532	6
4745	3
4787	7
4386	5
4387	2
2879	30
4388	3
5457	8
5005	7
6241	4
4983	3
6534	1
5733	4
5911	8
5612	3
2514	22
3519	1
5812	7
5858	2
5398	9
4058	18
5496	3
3905	8
2276	6
4607	5
6924	3
5727	7
4034	6
5656	2
3885	15
3561	3
3151	11
4584	3
5630	8
5573	2
7056	17
5247	1
6078	1
6540	1
5089	1
4940	8
3897	16
5558	8
4013	27
4552	15
3092	10
3068	8
6543	1
7014	4
5152	7
7058	1
4391	2
4392	3
6391	1
4683	4
3562	8
4446	8
6546	1
5218	12
3694	14
6547	2
6050	2
6550	1
3410	9
4395	1
6551	1
3564	4
4950	4
5657	10
5667	3
5471	3
3376	4
6554	3
4397	5
7044	11
6539	2
6555	1
6103	7
3838	26
6556	1
4741	2
3759	52
5508	6
3812	5
4314	1
6557	1
4650	22
5563	4
4651	10
4399	1
5500	3
1520	30
2247	27
4401	11
5216	17
4252	11
6960	1
5663	1
2537	3
5803	5
6560	1
4990	8
6562	3
6563	1
5368	9
7008	1
4403	6
6322	2
3565	3
2277	6
5092	1
4404	2
5594	11
3059	6
3695	6
4483	5
4405	2
6566	3
3567	24
3755	13
6567	2
6990	10
6569	1
5495	10
4775	10
5641	5
5264	1
6570	3
4097	9
6571	3
3946	5
6572	1
6573	3
6574	1
5623	3
5998	1
5572	2
6727	3
6059	1
4947	12
6575	3
5067	2
3006	44
5174	4
6577	7
5478	7
4371	3
6448	10
6578	3
4608	7
3632	5
5698	2
5482	2
3951	11
5177	2
6344	8
3570	1
6579	3
6153	8
4729	5
5950	2
6581	1
4504	8
5992	2
6043	3
6582	1
6583	1
6584	1
6061	4
6094	3
6996	2
5697	6
4407	1
5860	1
4756	4
6586	1
5833	1
4408	12
6587	8
5599	3
6280	3
5078	10
4966	1
2538	32
3502	7
2318	40
6589	1
2008	32
4410	1
7039	1
5365	1
5653	10
4941	1
6590	1
6628	5
3971	44
6591	1
5646	2
4591	8
5312	1
6095	2
6210	7
6449	14
6955	1
2764	6
6014	2
5619	1
6592	6
6593	1
5104	1
3243	31
7048	3
5980	3
4411	6
6594	6
6595	2
3593	12
5160	4
4620	11
5503	1
5037	1
3556	7
6598	8
5487	1
5848	4
5784	12
4878	7
4107	20
4413	1
5330	2
6600	1
5322	3
6541	2
3919	2
6602	4
6601	1
6603	1
5655	1
6604	2
5832	2
5002	3
2129	6
4962	11
5317	9
6605	3
5394	2
4889	21
4985	1
5278	3
3784	6
4460	9
3612	12
4688	5
4416	1
5534	1
6804	1
5556	2
4005	2
5445	6
4152	10
6725	4
5621	3
3573	1
4456	1
4417	4
2431	12
3101	19
5074	17
5429	17
5115	2
5414	3
5804	8
4380	5
6606	4
5537	1
4797	2
6268	12
5095	2
6029	6
4666	1
5310	2
4516	4
4419	5
3771	2
4420	3
6607	3
6608	2
4421	1
6609	3
6610	1
6157	9
6611	1
3364	1
5834	11
4161	4
6720	5
6612	10
4826	1
6613	1
6614	1
4746	4
6080	2
4867	3
4844	5
5314	10
2870	5
4422	5
4895	6
6966	3
4437	1
6013	1
6616	1
3414	1
6537	1
5138	6
3648	7
4653	3
4590	6
6617	1
5800	1
5185	4
6619	3
5011	1
5699	2
6620	1
6621	2
3576	3
4718	2
5021	17
5808	1
6935	5
6622	2
6623	5
6624	2
6625	3
4798	8
5113	8
4806	1
6985	1
6627	1
5756	8
4531	18
5647	1
5144	17
3578	5
5093	4
4976	2
6412	1
2765	12
6630	1
4771	3
4426	6
6631	1
6252	1
6075	2
5684	3
4712	8
6533	12
6381	4
4523	2
3579	15
4427	5
5883	7
6632	1
5938	1
6073	2
6993	1
5770	12
6633	2
6634	8
6635	1
5734	5
6024	19
6327	1
5602	6
5193	4
4675	2
5059	1
4891	2
6636	3
2352	8
4923	1
6436	4
6637	1
4605	1
5682	4
6638	3
6639	1
6446	4
5371	1
5771	1
7019	1
6263	1
4429	6
6641	1
4021	2
4588	4
4430	4
2734	12
4975	4
5022	7
5984	5
4081	2
6991	1
4872	1
3880	18
4514	2
4242	5
5660	17
6643	1
6093	8
6307	3
3986	10
6681	2
6644	3
3554	5
6242	1
3762	27
5449	4
7010	2
6646	1
5377	2
6647	1
6648	7
5678	6
6649	1
4610	6
5855	1
1943	9
6226	2
5305	7
3913	22
4789	14
5390	2
5337	3
6113	2
7032	1
4724	10
4549	5
5039	5
4897	12
5797	5
4575	2
5225	5
6125	11
6652	4
5546	1
6923	2
5032	11
5333	3
6654	2
3825	25
6995	4
5012	4
6025	6
6984	2
3809	22
4934	16
6655	3
5510	5
5815	11
6255	1
6104	1
5523	3
6656	2
5522	3
5687	6
6657	1
4129	10
7027	2
5205	9
6658	1
5187	4
2542	14
5704	4
4754	2
2539	1
3585	3
5180	7
5826	1
5795	1
6661	1
5441	3
5284	9
6026	1
5685	1
3857	13
5257	3
3439	7
4586	2
7042	1
6950	2
3924	17
6663	2
2275	1
5141	3
4690	4
6961	2
6922	3
6914	1
4436	3
5743	4
4438	13
6116	4
6664	1
4890	1
5169	5
6463	5
6665	6
6615	2
6666	2
3588	5
5267	7
4551	9
4439	6
4968	2
6667	2
5242	2
6668	1
6669	1
6670	1
5351	14
3589	6
6062	7
3861	8
2741	2
4006	17
7009	2
5669	4
6553	1
5918	5
4700	1
6671	1
4587	1
5119	6
5555	1
5389	5
5668	5
4628	3
5300	6
6672	13
4441	2
6674	6
6675	4
5806	2
6677	1
1866	11
6678	3
5548	2
4442	13
6680	1
5126	2
5852	1
4852	1
4814	4
6682	1
6683	1
4561	14
4443	6
5443	2
6548	5
5465	10
5559	8
6684	1
3591	4
5502	1
5204	3
5962	6
4755	2
5512	2
6685	5
5847	7
5168	10
4909	11
4807	5
5241	1
5949	2
4592	4
4680	3
5405	1
6978	1
5716	5
4253	1
4901	1
6597	3
2281	22
4215	11
4020	14
6686	3
6930	1
3794	22
6687	1
6040	1
6688	1
6085	12
6690	1
6653	3
4880	4
3890	9
5105	1
6691	1
5076	6
4448	3
6692	2
6693	7
5263	5
5222	2
6340	1
4166	10
6694	6
2353	4
5362	1
6695	1
4731	1
4449	1
5290	2
4820	14
5528	2
6696	9
5788	2
4669	2
5873	6
6697	1
4875	3
5156	2
4450	2
4451	16
5470	3
6585	1
6377	1
4679	2
5228	5
6698	1
5799	1
5313	2
5211	3
4743	9
6180	7
5569	7
5326	1
6478	4
6700	1
5442	11
6701	5
6702	1
5618	17
6703	1
6704	2
6972	3
3655	11
6890	1
6705	1
4931	1
5514	25
6706	1
4964	3
4562	1
4757	4
5459	11
4738	4
5387	2
5635	7
5540	7
5423	3
5649	1
3752	5
6707	1
5549	3
6035	6
6708	1
6709	4
6374	5
5319	3
6710	1
5914	8
4868	1
3131	18
6712	1
6713	1
4770	1
5298	2
5157	1
6714	1
6036	1
4463	1
2776	1
4989	1
4471	7
5112	15
5179	2
6517	8
6002	3
5613	1
6983	2
5028	3
6968	1
5042	9
6717	1
6388	4
6178	1
5110	5
5755	6
6719	2
5735	5
5970	1
5964	5
4465	9
5493	2
6982	1
4087	7
4547	10
6722	1
6723	1
6538	9
4466	2
5480	4
6254	9
6724	1
5384	2
4171	1
5038	6
5395	5
3764	28
6253	1
4468	2
6022	3
5490	3
4484	8
6000	5
5597	1
5977	3
5323	2
5158	3
6137	2
4621	4
4469	8
4470	1
4667	8
5702	2
6726	1
6728	1
4860	10
6662	1
5207	9
5742	3
6729	1
5543	2
6940	5
4777	7
5469	2
6731	1
6997	4
3990	6
4986	5
5954	13
5604	7
5843	9
6953	2
6004	1
6733	1
5525	16
6357	1
3918	19
6201	2
4632	5
6347	2
5709	6
4948	6
5509	21
6734	6
6321	2
6659	2
6974	6
5645	2
7045	5
5867	1
6735	1
5748	4
5438	5
4981	3
5060	4
6138	6
6736	1
6951	5
5336	1
4751	8
5726	3
6738	1
6739	3
4730	7
6740	1
4982	7
5249	2
5740	4
4475	2
4199	1
5385	6
6741	1
5165	7
6742	1
6743	3
7035	1
6245	2
5891	6
4554	12
7005	8
4324	3
6745	1
4581	9
6746	5
6747	5
6383	6
6748	1
6749	1
5450	2
5048	1
3605	18
4658	2
6119	4
6354	2
5894	2
5969	9
5611	1
6160	2
4597	1
4899	9
5791	3
6750	1
6129	7
6752	5
4510	5
4657	1
4792	1
4645	8
5472	8
6753	1
6754	1
6158	2
5878	1
4924	1
5588	3
5015	5
6755	1
6756	6
4696	2
5109	3
5045	1
6936	3
4661	3
5277	4
5516	1
4622	9
6757	1
6758	1
4839	6
6596	2
6929	10
4478	20
6760	1
6761	2
5212	5
4960	1
6762	1
5370	7
4480	6
6763	5
6471	3
4481	7
5565	9
5383	2
4758	4
6943	1
5729	3
4831	5
4747	7
6765	4
4241	3
5149	3
6767	3
6312	2
6768	7
6927	2
6373	5
6121	7
4601	2
5633	1
6769	4
6770	1
5194	9
4772	5
6771	1
5796	4
6065	3
6772	4
6773	3
4486	1
4903	4
6848	2
6774	1
6711	4
6775	2
4834	2
5652	7
5753	8
5154	12
5143	1
6217	1
6776	4
6290	2
4594	7
6947	1
4785	6
6777	1
6123	2
6845	11
5080	2
6645	8
6778	4
5226	4
5051	3
6779	2
5198	1
2409	1
5347	4
6308	2
6780	3
5941	1
5439	3
4582	1
4488	4
4927	2
6781	1
6782	2
6783	5
4695	2
5451	4
5940	7
5096	4
5673	2
6784	1
6785	3
5103	1
5243	5
4489	2
1868	12
4643	5
6786	1
5571	3
6787	1
3608	9
4778	2
5492	10
6789	1
4616	1
3791	12
6790	1
6920	3
3609	11
5346	5
4694	1
6792	2
5900	5
6788	5
5790	4
6793	1
5153	1
6794	2
4673	7
4790	4
6795	1
6796	2
5448	6
3709	17
6986	1
6797	1
6798	1
6799	1
5822	3
5167	9
5924	5
5419	4
6979	5
4179	5
5829	1
4495	1
5578	3
6800	4
5466	4
4570	3
4935	6
5217	3
5345	6
4786	17
5295	2
6196	1
5081	1
6552	1
5910	3
5289	3
5382	2
7021	1
4104	9
5675	1
6801	1
5948	5
6802	1
6444	3
4496	6
6803	1
5975	5
6805	1
7052	9
6806	1
5957	2
6807	1
4497	1
6809	3
6810	3
5291	3
6811	2
5552	13
5052	1
5062	2
5629	4
7001	12
6812	1
5467	7
5632	10
6813	5
6544	5
6814	1
5778	2
4467	1
4626	6
4945	3
6076	1
6973	1
4842	8
5494	6
5202	17
4501	5
5057	1
5173	1
4502	4
6815	4
6128	2
6816	6
5586	2
3923	2
5520	1
5589	2
6817	8
4749	4
5754	7
6818	1
6278	1
4815	5
5311	11
4567	3
4972	6
5434	9
6819	3
7025	2
4762	3
6820	1
4956	8
5905	3
5676	1
5821	2
6821	2
3613	6
6822	1
5681	4
4732	1
6823	8
4096	6
6824	1
6825	1
4452	14
7011	1
6143	1
5163	2
2564	2
6826	1
5162	5
4396	1
5188	2
4665	7
3070	22
6257	3
4073	5
4527	4
6827	1
5018	1
6828	1
6829	8
4739	4
5486	6
4455	1
4793	10
5564	6
6830	1
6831	3
5132	3
5348	1
6289	3
5004	1
5568	5
5582	1
3615	2
5614	3
6519	1
5128	3
6833	3
5220	6
5489	5
6834	1
5265	8
4832	4
6023	1
5902	5
5694	1
5050	1
5550	2
4511	1
5547	1
4726	3
3077	4
6836	2
6837	3
6028	2
5719	1
5585	2
5026	7
6838	5
4075	5
4615	5
4766	3
6527	1
6188	6
6055	1
6839	1
4805	8
6840	1
5238	9
5870	2
6841	2
4765	2
5622	9
6070	1
7031	4
6844	1
6938	1
6067	5
6234	1
6846	1
6847	1
4808	3
6193	5
5072	3
5779	2
5192	9
5244	7
5881	12
5789	8
6170	4
7060	8
5593	14
6849	1
5130	5
5664	7
4585	7
6525	1
5260	2
3618	5
5432	3
5766	1
5172	3
5553	9
5320	5
6850	1
4313	1
6915	2
4639	1
5255	3
6266	2
5075	5
6875	5
6851	2
5123	3
5189	2
5360	4
6349	1
5531	3
5972	3
6852	2
5273	1
6419	2
5087	2
5475	15
4918	3
6853	1
6854	1
4638	1
6855	13
5993	2
6074	3
4833	1
3851	6
4353	6
5056	4
6857	2
5183	4
6858	4
6976	5
6216	2
5270	8
6859	1
6110	1
6215	1
6860	1
6225	3
6861	1
4776	2
5155	5
5610	3
7049	1
6862	1
5199	10
5717	2
6959	10
5765	3
4517	1
6640	1
5181	2
5690	1
5885	2
4614	1
6863	2
6285	1
6864	1
6865	1
6866	2
6867	1
6868	1
5036	10
5341	7
6869	2
5999	3
5868	2
6870	2
6167	3
5746	2
5232	3
5915	15
5498	1
6871	1
5830	2
6872	1
6873	1
4991	4
6461	2
4708	3
6874	1
5235	10
6106	1
5701	2
5741	1
6876	2
4843	7
6877	1
4704	4
5139	4
6878	1
4874	6
4836	3
6269	1
6304	9
4627	9
6879	1
5245	6
5182	5
5440	12
5403	1
6880	1
6881	7
4900	1
6882	1
4978	8
5884	4
5983	4
6963	1
4876	5
5254	9
3975	2
5488	4
5406	1
5598	4
4841	4
4684	6
6883	1
6376	1
4781	12
5117	1
6156	5
5696	1
6884	1
5178	1
6006	4
5529	4
5936	6
5297	1
5775	1
6885	1
6886	1
5229	4
4863	4
6887	1
6888	2
6889	1
5023	3
6891	5
6892	1
6893	2
6894	1
6249	4
6100	1
6895	2
6896	3
5813	5
5281	3
6299	2
4719	3
5334	1
5303	7
5111	12
6897	1
6898	1
6899	2
4919	5
5071	14
6900	1
5000	3
6918	5
6981	2
5825	2
6101	3
4864	4
4881	1
5358	6
4920	2
5562	4
6901	1
6902	3
6558	6
6903	1
7002	1
4727	2
3587	2
7028	4
4716	8
6173	2
4910	5
7038	1
5124	6
4928	5
4635	5
6320	8
4929	1
6904	1
6905	1
5356	3
5504	2
4936	2
5761	2
5783	2
7047	1
5576	2
4879	1
5710	1
5073	6
5955	6
6906	2
6907	1
7050	2
4633	3
6258	3
5763	3
5595	3
2540	3
6908	3
6909	4
5332	1
